5,Like,10,Chicago Bluegrass and Blues Festival,CBBFestival,http://www.facebook.com/cbbfestival,86165642317
5,Follow,5,Chicago Bluegrass and Blues Festival,ChiBluegrass,ChiBluegrass,
5,Like,5,Groupon,Groupon,http://www.facebook.com/groupon?sk=app_245635715461819,60004615820
5,Follow,5,Relix,Relixmag,relixmag,
5,Like,10,Drive Truckers,DriveByTruckers,http://www.facebook.com/drivebytruckers,8650121725
5,Follow,10,Drive Truckers,DriveByTruckers,drivebytruckers,
5,Like,15,Kingtello,Kingtello,http://www.facebook.com/group.php?gid=46578207664,46578207664
5,Like,15,React Presents,ReactPresents,http://www.facebook.com/group.php?gid=184380051404,184380051404
5,Follow,15,React Presents,ReactPresents,reactpresents,
5,Like,15,Silver Wrapper,SilverWrapper,http://www.facebook.com/SilverWrapper,142923949055560
5,Follow,15,Silver Wrapper,SilverWrapper,silver_wrapper,
5,Like,15,Dawes,Dawestheband,http://www.facebook.com/Dawestheband,130030063440
5,Follow,15,Dawes,Dawestheband,Dawestheband,
5,Like,15,Chicago Reader,ChicagoReader,http://www.facebook.com/chicagoreader,75994265472
5,Follow,15,Chicago Reader,ChicagoReader,Chicago_Reader,
5,Like,15,lastfm,Lastfm,http://www.facebook.com/lastfm,135468783150454
5,Follow,15,lastfm,Lastfm,lastfm,
5,Like,5,FanFueled,FanFueled,http://www.facebook.com/FanFueled,109270006870
5,Follow,5,FanFueled,FanFueled,FanFueled,
